battery,exec_timestamp,planning_timestamp,task
82,1587031854229,1587031793759,"dummy"
83,1587031913928,1587031853825,"dummy"
83,1587031974185,1587031913862,"dummy"
83,1587032040129,1587031974137,"dummy"
83,1587032094333,1587032034173,"dummy"
83,1587032160207,1587032094245,"dummy"
83,1587032220245,1587032160137,"dummy"
83,1587032280645,1587032220169,"dummy"
83,1587032347277,1587032280586,"dummy"
83,1587032400871,1587032340729,"dummy"
83,1587032467410,1587032400805,"dummy"
83,1587032527642,1587032467335,"dummy"
83,1587032587706,1587032527586,"dummy"
83,1587032647914,1587032587632,"dummy"
83,1587032708221,1587032647735,"dummy"
83,1587032767881,1587032707767,"dummy"
83,1587032828263,1587032767834,"dummy"
83,1587032888310,1587032828223,"dummy"
83,1587032948450,1587032888242,"dummy"
83,1587033008543,1587032948303,"dummy"
83,1587033068717,1587033008338,"dummy"
83,1587033128761,1587033068619,"dummy"
83,1587033188781,1587033128682,"dummy"
83,1587033248895,1587033188718,"dummy"
83,1587033309675,1587033248785,"dummy"
83,1587033369852,1587033309600,"dummy"
83,1587033429761,1587033369619,"dummy"
83,1587033490072,1587033429705,"dummy"
83,1587033550142,1587033489999,"dummy"
82,1587033610324,1587033550058,"dummy"
82,1587033670277,1587033610135,"dummy"
82,1587033730290,1587033670193,"dummy"
82,1587033790711,1587033730245,"dummy"
82,1587033850758,1587033790663,"dummy"
82,1587033910829,1587033850697,"dummy"
82,1587033970881,1587033910750,"dummy"
82,1587034030962,1587033970800,"dummy"
82,1587034090963,1587034030888,"dummy"
82,1587034151728,1587034090921,"dummy"
82,1587034211762,1587034151610,"dummy"
82,1587034271809,1587034211628,"dummy"
82,1587034331843,1587034271743,"dummy"
82,1587034391989,1587034331782,"dummy"
82,1587034452019,1587034391924,"dummy"
82,1587034512160,1587034451960,"dummy"
82,1587034572721,1587034512042,"dummy"
82,1587034632708,1587034572621,"dummy"
82,1587034692850,1587034632637,"dummy"
82,1587034752913,1587034692747,"dummy"
82,1587034812943,1587034752844,"dummy"
82,1587034873026,1587034812896,"dummy"
81,1587034933074,1587034872953,"dummy"
81,1587034993160,1587034933000,"dummy"
81,1587035053172,1587034993076,"dummy"
81,1587035113219,1587035053103,"dummy"
81,1587035173726,1587035113181,"dummy"
81,1587035233683,1587035173606,"dummy"
81,1587035293934,1587035233619,"dummy"
81,1587035353802,1587035293679,"dummy"
81,1587035414040,1587035353715,"dummy"
81,1587035474775,1587035413968,"dummy"
81,1587035534695,1587035474611,"dummy"
81,1587035595725,1587035534638,"dummy"
81,1587035655670,1587035595615,"dummy"
81,1587035715794,1587035655628,"dummy"
81,1587035775856,1587035715748,"dummy"
81,1587035836213,1587035775781,"dummy"
81,1587035896427,1587035836115,"dummy"
81,1587035956368,1587035896229,"dummy"
81,1587036016729,1587035956267,"dummy"
81,1587036076764,1587036016616,"dummy"
81,1587036137293,1587036076630,"dummy"
81,1587036196958,1587036136746,"dummy"
81,1587036257379,1587036196784,"dummy"
81,1587036318238,1587036257267,"dummy"
81,1587036378945,1587036318174,"dummy"
81,1587036439108,1587036378886,"dummy"
81,1587036499668,1587036438901,"dummy"
81,1587036559668,1587036499610,"dummy"
81,1587036620733,1587036559629,"dummy"
81,1587036680727,1587036620620,"dummy"
81,1587036740815,1587036680638,"dummy"
81,1587036812479,1587036740705,"dummy"
81,1587036860880,1587036800751,"dummy"
81,1587036932719,1587036860820,"dummy"
81,1587036992785,1587036932623,"dummy"
81,1587037052781,1587036992637,"dummy"
81,1587037112858,1587037052712,"dummy"
81,1587037172896,1587037112759,"dummy"
81,1587037241679,1587037172820,"dummy"
81,1587037293046,1587037232872,"dummy"
81,1587037361686,1587037292988,"dummy"
81,1587037421746,1587037361628,"dummy"
81,1587037481799,1587037421661,"dummy"
81,1587037541876,1587037481718,"dummy"
81,1587037602006,1587037541772,"dummy"
81,1587037662134,1587037601953,"dummy"
81,1587037722186,1587037662057,"dummy"
81,1587037782224,1587037722084,"dummy"
81,1587037842297,1587037782139,"dummy"
81,1587037902291,1587037842215,"dummy"
81,1587037963285,1587037902238,"dummy"
81,1587038022424,1587037962298,"dummy"
81,1587038083366,1587038022339,"dummy"
81,1587038154092,1587038083285,"dummy"
81,1587038203475,1587038143313,"dummy"
81,1587038274734,1587038203394,"dummy"
81,1587038335010,1587038274649,"dummy"
81,1587038395523,1587038334673,"dummy"
81,1587038456142,1587038395441,"dummy"
81,1587038515698,1587038455474,"dummy"
81,1587038581425,1587038515631,"dummy"
81,1587038635792,1587038575642,"dummy"
81,1587038701491,1587038635712,"dummy"
81,1587038761461,1587038701396,"dummy"
81,1587038821698,1587038761418,"dummy"
81,1587038881851,1587038821640,"dummy"
81,1587038941874,1587038881788,"dummy"
81,1587039001949,1587038941822,"dummy"
81,1587039061953,1587039001866,"dummy"
81,1587039122010,1587039061885,"dummy"
81,1587039182714,1587039121957,"dummy"
81,1587039242746,1587039182639,"dummy"
81,1587039303781,1587039242671,"dummy"
81,1587039363784,1587039303655,"dummy"
81,1587039423897,1587039363671,"dummy"
81,1587039484521,1587039423829,"dummy"
81,1587039544050,1587039484078,"dummy"
81,1587039614156,1587039543920,"dummy"
81,1587039664924,1587039604783,"dummy"
81,1587039734229,1587039664856,"dummy"
81,1587039794235,1587039734156,"dummy"
81,1587039854699,1587039794168,"dummy"
81,1587039914741,1587039854635,"dummy"
81,1587039991423,1587039914702,"dummy"
81,1587040037694,1587039977498,"dummy"
81,1587040111707,1587040037636,"dummy"
81,1587040171750,1587040111643,"dummy"
81,1587040231878,1587040171660,"dummy"
81,1587040292132,1587040231804,"dummy"
81,1587040351987,1587040291859,"dummy"
81,1587040412288,1587040351900,"dummy"
81,1587040472283,1587040412149,"dummy"
81,1587040532744,1587040472203,"dummy"
81,1587040592845,1587040532663,"dummy"
81,1587040653703,1587040592678,"dummy"
81,1587040713770,1587040653640,"dummy"
81,1587040783154,1587040713673,"dummy"
81,1587040836512,1587040773705,"dummy"
81,1587040910869,1587040833763,"dummy"
81,1587040969865,1587040903086,"dummy"
81,1587041031062,1587040963109,"dummy"
81,1587041091019,1587041030884,"dummy"
81,1587041151051,1587041090925,"dummy"
81,1587041212286,1587041150972,"dummy"
81,1587041271698,1587041211050,"dummy"
81,1587041332332,1587041271640,"dummy"
81,1587041392357,1587041332256,"dummy"
81,1587041452732,1587041392288,"dummy"
81,1587041512944,1587041452666,"dummy"
81,1587041572841,1587041512685,"dummy"
81,1587041632852,1587041572744,"dummy"
81,1587041692904,1587041632815,"dummy"
81,1587041753733,1587041692844,"dummy"
81,1587041814168,1587041753655,"dummy"
81,1587041874626,1587041814108,"dummy"
81,1587041934701,1587041874534,"dummy"
81,1587041994787,1587041934645,"dummy"
81,1587042054953,1587041994675,"dummy"
81,1587042114934,1587042054756,"dummy"
81,1587042175028,1587042114810,"dummy"
81,1587042235065,1587042174946,"dummy"
81,1587042304687,1587042234978,"dummy"
81,1587042355722,1587042295021,"dummy"
81,1587042425124,1587042355665,"dummy"
81,1587042485206,1587042425083,"dummy"
81,1587042545236,1587042485124,"dummy"
81,1587042605327,1587042545150,"dummy"
81,1587042665376,1587042605257,"dummy"
81,1587042725759,1587042665286,"dummy"
81,1587042785735,1587042725667,"dummy"
81,1587042845847,1587042785676,"dummy"
81,1587042906012,1587042845789,"dummy"
81,1587042965982,1587042905839,"dummy"
81,1587043026632,1587042965902,"dummy"
81,1587043086646,1587043026540,"dummy"
81,1587043146707,1587043086572,"dummy"
81,1587043206805,1587043146651,"dummy"
81,1587043266861,1587043206737,"dummy"
81,1587043327713,1587043266801,"dummy"
81,1587043387720,1587043327655,"dummy"
81,1587043447800,1587043387680,"dummy"
81,1587043509373,1587043447715,"dummy"
81,1587043569366,1587043509322,"dummy"
81,1587043629478,1587043569322,"dummy"
81,1587043689822,1587043629380,"dummy"
81,1587043755619,1587043689681,"dummy"
81,1587043810089,1587043749887,"dummy"
81,1587043875766,1587043809970,"dummy"
81,1587043935783,1587043875682,"dummy"
81,1587043995898,1587043935699,"dummy"
81,1587044055939,1587043995815,"dummy"
81,1587044116011,1587044055853,"dummy"
81,1587044176061,1587044115921,"dummy"
81,1587044246826,1587044175988,"dummy"
81,1587044296278,1587044236147,"dummy"
81,1587044367804,1587044296182,"dummy"
81,1587044427799,1587044367676,"dummy"
80,1587044487849,1587044427696,"dummy"
80,1587044548773,1587044487760,"dummy"
80,1587044608862,1587044548688,"dummy"
80,1587044668873,1587044608711,"dummy"
80,1587044728898,1587044668802,"dummy"
80,1587044789001,1587044728838,"dummy"
80,1587044848980,1587044788908,"dummy"
80,1587044909103,1587044848941,"dummy"
80,1587044969096,1587044909025,"dummy"
80,1587045029223,1587044969040,"dummy"
80,1587045089207,1587045029134,"dummy"
80,1587045149742,1587045089149,"dummy"
80,1587045209801,1587045149679,"dummy"
80,1587045269863,1587045209717,"dummy"
80,1587045329913,1587045269772,"dummy"
80,1587045389983,1587045329810,"dummy"
80,1587045450767,1587045389918,"dummy"
80,1587045510780,1587045450681,"dummy"
80,1587045570883,1587045510709,"dummy"
80,1587045630931,1587045570793,"dummy"
80,1587045691732,1587045630831,"dummy"
80,1587045752401,1587045691672,"dummy"
80,1587045812446,1587045752348,"dummy"
80,1587045872779,1587045812371,"dummy"
80,1587045932769,1587045872686,"dummy"
80,1587045992828,1587045932702,"dummy"
80,1587046052945,1587045992768,"dummy"
80,1587046113763,1587046052810,"dummy"
80,1587046173978,1587046113700,"dummy"
80,1587046233892,1587046173719,"dummy"
80,1587046294142,1587046233828,"dummy"
80,1587046354283,1587046294070,"dummy"
80,1587046414769,1587046354095,"dummy"
80,1587046481746,1587046414689,"dummy"
80,1587046534955,1587046474836,"dummy"
80,1587046601809,1587046534871,"dummy"
80,1587046661827,1587046601721,"dummy"
80,1587046721916,1587046661746,"dummy"
80,1587046781979,1587046721834,"dummy"
80,1587046842038,1587046781873,"dummy"
80,1587046913059,1587046841960,"dummy"
80,1587046962120,1587046901989,"dummy"
80,1587047033788,1587046962040,"dummy"
80,1587047093809,1587047033705,"dummy"
80,1587047156393,1587047093724,"dummy"
80,1587047213926,1587047153812,"dummy"
80,1587047276786,1587047213847,"dummy"
80,1587047338261,1587047276695,"dummy"
80,1587047396864,1587047336725,"dummy"
80,1587047459883,1587047396786,"dummy"
80,1587047518315,1587047458215,"dummy"
80,1587047579978,1587047518240,"dummy"
80,1587047640785,1587047579873,"dummy"
80,1587047700796,1587047640705,"dummy"
80,1587047760957,1587047700723,"dummy"
80,1587047821782,1587047760819,"dummy"
80,1587047881867,1587047821716,"dummy"
80,1587047941943,1587047881744,"dummy"
80,1587048001980,1587047941822,"dummy"
80,1587048062218,1587048001880,"dummy"
80,1587048122269,1587048062155,"dummy"
80,1587048182364,1587048122189,"dummy"
80,1587048242789,1587048182283,"dummy"
80,1587048302809,1587048242708,"dummy"
80,1587048363740,1587048302737,"dummy"
80,1587048423795,1587048363681,"dummy"
80,1587048483898,1587048423712,"dummy"
80,1587048545545,1587048483842,"dummy"
80,1587048607307,1587048545459,"dummy"
80,1587048665768,1587048605478,"dummy"
80,1587048727300,1587048665706,"dummy"
80,1587048787378,1587048727261,"dummy"
79,1587048847796,1587048787298,"dummy"
79,1587048908788,1587048847707,"dummy"
79,1587048968822,1587048908723,"dummy"
79,1587049028957,1587048968791,"dummy"
79,1587049091710,1587049028862,"dummy"
79,1587049149086,1587049088881,"dummy"
79,1587049211868,1587049148997,"dummy"
79,1587049271821,1587049211713,"dummy"
79,1587049331964,1587049271733,"dummy"
79,1587049392017,1587049331900,"dummy"
79,1587049452102,1587049391926,"dummy"
79,1587049519990,1587049452001,"dummy"
79,1587049578904,1587049517993,"dummy"
79,1587049638771,1587049578702,"dummy"
79,1587049698941,1587049638716,"dummy"
79,1587049764522,1587049698827,"dummy"
79,1587049819032,1587049758860,"dummy"
79,1587049897203,1587049818943,"dummy"
79,1587049944923,1587049885039,"dummy"
79,1587050017753,1587049944837,"dummy"
79,1587050077780,1587050017695,"dummy"
79,1587050137851,1587050077707,"dummy"
79,1587050197873,1587050137758,"dummy"
79,1587050258803,1587050197794,"dummy"
79,1587050318808,1587050258700,"dummy"
79,1587050378925,1587050318717,"dummy"
79,1587050438935,1587050378826,"dummy"
79,1587050499004,1587050438855,"dummy"
79,1587050559024,1587050498907,"dummy"
79,1587050619813,1587050558936,"dummy"
79,1587050679795,1587050619728,"dummy"
79,1587050739922,1587050679735,"dummy"
79,1587050799974,1587050739847,"dummy"
79,1587050860799,1587050799895,"dummy"
79,1587050920827,1587050860726,"dummy"
79,1587050987476,1587050920741,"dummy"
79,1587051040955,1587050980793,"dummy"
79,1587051107800,1587051040861,"dummy"
79,1587051167853,1587051107714,"dummy"
79,1587051227919,1587051167732,"dummy"
79,1587051287925,1587051227839,"dummy"
79,1587051347979,1587051287864,"dummy"
79,1587051408024,1587051347921,"dummy"
79,1587051468797,1587051407950,"dummy"
79,1587051528811,1587051468716,"dummy"
79,1587051593613,1587051528728,"dummy"
79,1587051648951,1587051588823,"dummy"
79,1587051714940,1587051648863,"dummy"
79,1587051774962,1587051714849,"dummy"
79,1587051835068,1587051774889,"dummy"
79,1587051895091,1587051834987,"dummy"
79,1587051955756,1587051895012,"dummy"
79,1587052016810,1587051955700,"dummy"
79,1587052077828,1587052016731,"dummy"
79,1587052137835,1587052077721,"dummy"
79,1587052198808,1587052137780,"dummy"
79,1587052258794,1587052198723,"dummy"
79,1587052331475,1587052258736,"dummy"
79,1587052379033,1587052318906,"dummy"
79,1587052455583,1587052378929,"dummy"
79,1587052512029,1587052451871,"dummy"
79,1587052575837,1587052511906,"dummy"
79,1587052635870,1587052575766,"dummy"
79,1587052695949,1587052635782,"dummy"
79,1587052756001,1587052695871,"dummy"
79,1587052816082,1587052755928,"dummy"
79,1587052876125,1587052815992,"dummy"
79,1587052936200,1587052876052,"dummy"
79,1587052996220,1587052936118,"dummy"
79,1587053056253,1587052996157,"dummy"
79,1587053118529,1587053056191,"dummy"
79,1587053176349,1587053116232,"dummy"
79,1587053238800,1587053176260,"dummy"
79,1587053298813,1587053238723,"dummy"
79,1587053358913,1587053298733,"dummy"
79,1587053418922,1587053358875,"dummy"
79,1587053479169,1587053418885,"dummy"
79,1587053539043,1587053478934,"dummy"
79,1587053599258,1587053538963,"dummy"
79,1587053659755,1587053599188,"dummy"
79,1587053719828,1587053659714,"dummy"
78,1587053779871,1587053719746,"dummy"
78,1587053840449,1587053779772,"dummy"
78,1587053909003,1587053839852,"dummy"
78,1587053960564,1587053899881,"dummy"
78,1587054029824,1587053960474,"dummy"
78,1587054090801,1587054029728,"dummy"
78,1587054149880,1587054089819,"dummy"
78,1587054217764,1587054149836,"dummy"
78,1587054270923,1587054210806,"dummy"
78,1587054337861,1587054270834,"dummy"
78,1587054397924,1587054337743,"dummy"
78,1587054462916,1587054397777,"dummy"
78,1587054518005,1587054457828,"dummy"
78,1587054583313,1587054517918,"dummy"
78,1587054643828,1587054582895,"dummy"
78,1587054703838,1587054643738,"dummy"
78,1587054770045,1587054703747,"dummy"
78,1587054824828,1587054763846,"dummy"
78,1587054890836,1587054824754,"dummy"
78,1587054950813,1587054890749,"dummy"
78,1587055010948,1587054950757,"dummy"
78,1587055071823,1587055010868,"dummy"
78,1587055131826,1587055071740,"dummy"
78,1587055191896,1587055131751,"dummy"
78,1587055251926,1587055191819,"dummy"
78,1587055312042,1587055251851,"dummy"
78,1587055372094,1587055311990,"dummy"
78,1587055432162,1587055372020,"dummy"
78,1587055503974,1587055432080,"dummy"
78,1587055552309,1587055492149,"dummy"
78,1587055624829,1587055552204,"dummy"
78,1587055684822,1587055624749,"dummy"
78,1587055744931,1587055684779,"dummy"
78,1587055804974,1587055744867,"dummy"
78,1587055865449,1587055804894,"dummy"
78,1587055926188,1587055865414,"dummy"
78,1587055985868,1587055925751,"dummy"
78,1587056045990,1587055985779,"dummy"
78,1587056106940,1587056045935,"dummy"
78,1587056166997,1587056106880,"dummy"
78,1587056227812,1587056166916,"dummy"
78,1587056287906,1587056227780,"dummy"
78,1587056347942,1587056287813,"dummy"
78,1587056408057,1587056347863,"dummy"
78,1587056468085,1587056407960,"dummy"
78,1587056540475,1587056467989,"dummy"
78,1587056589983,1587056528272,"dummy"
78,1587056660848,1587056588138,"dummy"
78,1587056720869,1587056660758,"dummy"
78,1587056781820,1587056720788,"dummy"
78,1587056857458,1587056781742,"dummy"
78,1587056906173,1587056841830,"dummy"
78,1587056977942,1587056901917,"dummy"
78,1587057037816,1587056977886,"dummy"
78,1587057098024,1587057037757,"dummy"
78,1587057168741,1587057097963,"dummy"
78,1587057219020,1587057158890,"dummy"
78,1587057289134,1587057218936,"dummy"
78,1587057349882,1587057289077,"dummy"
78,1587057409901,1587057349821,"dummy"
78,1587057470012,1587057409860,"dummy"
78,1587057535505,1587057469925,"dummy"
78,1587057590160,1587057529959,"dummy"
78,1587057655923,1587057590048,"dummy"
78,1587057728441,1587057655856,"dummy"
78,1587057777796,1587057717324,"dummy"
78,1587057848864,1587057777739,"dummy"
78,1587057908841,1587057848765,"dummy"
78,1587057968926,1587057908781,"dummy"
78,1587058028968,1587057968845,"dummy"
78,1587058089034,1587058028887,"dummy"
78,1587058149060,1587058088945,"dummy"
78,1587058209241,1587058148998,"dummy"
78,1587058269268,1587058209070,"dummy"
78,1587058329373,1587058269150,"dummy"
78,1587058389395,1587058329279,"dummy"
78,1587058449802,1587058389306,"dummy"
78,1587058509816,1587058449744,"dummy"
78,1587058569905,1587058509757,"dummy"
78,1587058629944,1587058569799,"dummy"
78,1587058690069,1587058629839,"dummy"
78,1587058750156,1587058690031,"dummy"
78,1587058810198,1587058750079,"dummy"
78,1587058870290,1587058810110,"dummy"
78,1587058930291,1587058870195,"dummy"
78,1587058990979,1587058930218,"dummy"
78,1587059050947,1587058990861,"dummy"
78,1587059111044,1587059050861,"dummy"
78,1587059171128,1587059111007,"dummy"
78,1587059231140,1587059171037,"dummy"
78,1587059291233,1587059231081,"dummy"
78,1587059351283,1587059291161,"dummy"
78,1587059411333,1587059351193,"dummy"
78,1587059471846,1587059411243,"dummy"
78,1587059531896,1587059471764,"dummy"
78,1587059591982,1587059531825,"dummy"
78,1587059652039,1587059591899,"dummy"
78,1587059712084,1587059651950,"dummy"
78,1587059772170,1587059711992,"dummy"
78,1587059832205,1587059772086,"dummy"
78,1587059892795,1587059832125,"dummy"
78,1587059953849,1587059892754,"dummy"
78,1587060013884,1587059953768,"dummy"
78,1587060073941,1587060013790,"dummy"
78,1587060133988,1587060073862,"dummy"
78,1587060194064,1587060133897,"dummy"
78,1587060267163,1587060193976,"dummy"
78,1587060314215,1587060253999,"dummy"
78,1587060387307,1587060314108,"dummy"
78,1587060447846,1587060387216,"dummy"
78,1587060507863,1587060447762,"dummy"
78,1587060568851,1587060507777,"dummy"
78,1587060635854,1587060568771,"dummy"
78,1587060688957,1587060628796,"dummy"
78,1587060755867,1587060688853,"dummy"
78,1587060815973,1587060755809,"dummy"
78,1587060877204,1587060815823,"dummy"
78,1587060937877,1587060877138,"dummy"
78,1587060997920,1587060937786,"dummy"
78,1587061057955,1587060997795,"dummy"
78,1587061119968,1587061057869,"dummy"
78,1587061178205,1587061117918,"dummy"
78,1587061240190,1587061177968,"dummy"
78,1587061300213,1587061240098,"dummy"
78,1587061369749,1587061300134,"dummy"
78,1587061420347,1587061360188,"dummy"
78,1587061489870,1587061420251,"dummy"
78,1587061559886,1587061489787,"dummy"
78,1587061610004,1587061549888,"dummy"
77,1587061682483,1587061609921,"dummy"
77,1587061739995,1587061679861,"dummy"
77,1587061802609,1587061739913,"dummy"
77,1587061862820,1587061802499,"dummy"
77,1587061922931,1587061862761,"dummy"
77,1587061982893,1587061922820,"dummy"
77,1587062043040,1587061982838,"dummy"
77,1587062103063,1587062042953,"dummy"
77,1587062163284,1587062102987,"dummy"
77,1587062223863,1587062163052,"dummy"
77,1587062283892,1587062223784,"dummy"
77,1587062343948,1587062283814,"dummy"
77,1587062404871,1587062343859,"dummy"
77,1587062464893,1587062404784,"dummy"
77,1587062524955,1587062464855,"dummy"
77,1587062585002,1587062524889,"dummy"
77,1587062645086,1587062584947,"dummy"
77,1587062706410,1587062645016,"dummy"
77,1587062765172,1587062705042,"dummy"
77,1587062826472,1587062765094,"dummy"
77,1587062886902,1587062826395,"dummy"
77,1587062946901,1587062886796,"dummy"
77,1587063010593,1587062946831,"dummy"
77,1587063070578,1587063010444,"dummy"
77,1587063130954,1587063070504,"dummy"
77,1587063190957,1587063130841,"dummy"
77,1587063251022,1587063190869,"dummy"
77,1587063311038,1587063250925,"dummy"
77,1587063371129,1587063310983,"dummy"
77,1587063431168,1587063371056,"dummy"
77,1587063491605,1587063431086,"dummy"
77,1587063551864,1587063491565,"dummy"
77,1587063611905,1587063551779,"dummy"
77,1587063672005,1587063611790,"dummy"
77,1587063732568,1587063671914,"dummy"
77,1587063792492,1587063732371,"dummy"
77,1587063852852,1587063792403,"dummy"
77,1587063912892,1587063852794,"dummy"
77,1587063982486,1587063912808,"dummy"
77,1587064033865,1587063973061,"dummy"
77,1587064102577,1587064033798,"dummy"
77,1587064162880,1587064102485,"dummy"
77,1587064222954,1587064162803,"dummy"
77,1587064283007,1587064222883,"dummy"
77,1587064352141,1587064282924,"dummy"
77,1587064403922,1587064343053,"dummy"
77,1587064472222,1587064403794,"dummy"
77,1587064532266,1587064472143,"dummy"
77,1587064592282,1587064532199,"dummy"
77,1587064652824,1587064592218,"dummy"
77,1587064712897,1587064652783,"dummy"
77,1587064777831,1587064712833,"dummy"
77,1587064833034,1587064772873,"dummy"
77,1587064897954,1587064832959,"dummy"
77,1587064958545,1587064897830,"dummy"
77,1587065018889,1587064957874,"dummy"
77,1587065078633,1587065017976,"dummy"
77,1587065138992,1587065078536,"dummy"
77,1587065199059,1587065138926,"dummy"
77,1587065259235,1587065198967,"dummy"
77,1587065319920,1587065259015,"dummy"
77,1587065379933,1587065319823,"dummy"
77,1587065440915,1587065379855,"dummy"
77,1587065500907,1587065440804,"dummy"
77,1587065560991,1587065500819,"dummy"
77,1587065621014,1587065560926,"dummy"
77,1587065681145,1587065620954,"dummy"
77,1587065741228,1587065681071,"dummy"
77,1587065801890,1587065741112,"dummy"
77,1587065861918,1587065801810,"dummy"
77,1587065921990,1587065861827,"dummy"
77,1587065982028,1587065921928,"dummy"
77,1587066042334,1587065981961,"dummy"
77,1587066106889,1587066042247,"dummy"
77,1587066162450,1587066102271,"dummy"
77,1587066226956,1587066162362,"dummy"
77,1587066286999,1587066226875,"dummy"
77,1587066347026,1587066286903,"dummy"
77,1587066407224,1587066346964,"dummy"
77,1587066467115,1587066407013,"dummy"
77,1587066527214,1587066467048,"dummy"
77,1587066587233,1587066527112,"dummy"
77,1587066647314,1587066587198,"dummy"
77,1587066707341,1587066647219,"dummy"
77,1587066767405,1587066707286,"dummy"
77,1587066827904,1587066767317,"dummy"
76,1587066887924,1587066827820,"dummy"
76,1587066948029,1587066887846,"dummy"
76,1587067008039,1587066947936,"dummy"
76,1587067068123,1587067007955,"dummy"
76,1587067128146,1587067068026,"dummy"
76,1587067188203,1587067128095,"dummy"
76,1587067254222,1587067188149,"dummy"
76,1587067308318,1587067248172,"dummy"
76,1587067378357,1587067308226,"dummy"
76,1587067434310,1587067374196,"dummy"
76,1587067498435,1587067434224,"dummy"
76,1587067565523,1587067498349,"dummy"
76,1587067618555,1587067558371,"dummy"
76,1587067685889,1587067618472,"dummy"
76,1587067745902,1587067685811,"dummy"
76,1587067805980,1587067745828,"dummy"
76,1587067866037,1587067805919,"dummy"
76,1587067926134,1587067865966,"dummy"
76,1587067986148,1587067926046,"dummy"
76,1587068046255,1587067986094,"dummy"
76,1587068106293,1587068046170,"dummy"
76,1587068166912,1587068106207,"dummy"
76,1587068226931,1587068166817,"dummy"
76,1587068287671,1587068226834,"dummy"
76,1587068347853,1587068287593,"dummy"
76,1587068408898,1587068347813,"dummy"
76,1587068472390,1587068408820,"dummy"
76,1587068532888,1587068472235,"dummy"
76,1587068592932,1587068532804,"dummy"
76,1587068653016,1587068592855,"dummy"
76,1587068713054,1587068652934,"dummy"
76,1587068773101,1587068712984,"dummy"
76,1587068833183,1587068773054,"dummy"
76,1587068905170,1587068833095,"dummy"
76,1587068953325,1587068893130,"dummy"
76,1587069025217,1587068953227,"dummy"
76,1587069085243,1587069025128,"dummy"
76,1587069145293,1587069085164,"dummy"
75,1587069205339,1587069145204,"dummy"
75,1587069265367,1587069205252,"dummy"
75,1587069325450,1587069265284,"dummy"
75,1587069385500,1587069325360,"dummy"
75,1587069445863,1587069385395,"dummy"
75,1587069505927,1587069445806,"dummy"
75,1587069565962,1587069505824,"dummy"
75,1587069629834,1587069565861,"dummy"
75,1587069686887,1587069626571,"dummy"
75,1587069749888,1587069686830,"dummy"
75,1587069809913,1587069749815,"dummy"
75,1587069870303,1587069809829,"dummy"
75,1587069930882,1587069870111,"dummy"
75,1587069990937,1587069930814,"dummy"
75,1587070050928,1587069990849,"dummy"
75,1587070111010,1587070050867,"dummy"
75,1587070173596,1587070110946,"dummy"
75,1587070231112,1587070170969,"dummy"
75,1587070293903,1587070231031,"dummy"
75,1587070353966,1587070293844,"dummy"
75,1587070414055,1587070353922,"dummy"
75,1587070474080,1587070413981,"dummy"
75,1587070534163,1587070474006,"dummy"
75,1587070594181,1587070534076,"dummy"
75,1587070662670,1587070594111,"dummy"
75,1587070714920,1587070654177,"dummy"
75,1587070782899,1587070714840,"dummy"
75,1587070842989,1587070782868,"dummy"
75,1587070903028,1587070842902,"dummy"
75,1587070963092,1587070902940,"dummy"
75,1587071035013,1587070963030,"dummy"
75,1587071083198,1587071023064,"dummy"
75,1587071155072,1587071083109,"dummy"
75,1587071215138,1587071155004,"dummy"
75,1587071275177,1587071215045,"dummy"
75,1587071335268,1587071275094,"dummy"
75,1587071395292,1587071335172,"dummy"
75,1587071455425,1587071395199,"dummy"
75,1587071515411,1587071455284,"dummy"
75,1587071575510,1587071515321,"dummy"
75,1587071635947,1587071575424,"dummy"
75,1587071695956,1587071635852,"dummy"
75,1587071757199,1587071695870,"dummy"
75,1587071816103,1587071755975,"dummy"
75,1587071877886,1587071816023,"dummy"
75,1587071937916,1587071877827,"dummy"
75,1587071998972,1587071937838,"dummy"
75,1587072058917,1587071998844,"dummy"
75,1587072119020,1587072058857,"dummy"
75,1587072179058,1587072118939,"dummy"
75,1587072239248,1587072178966,"dummy"
75,1587072299322,1587072239035,"dummy"
75,1587072360027,1587072299103,"dummy"
75,1587072420085,1587072359984,"dummy"
75,1587072480181,1587072420028,"dummy"
75,1587072540938,1587072480071,"dummy"
75,1587072600970,1587072540859,"dummy"
75,1587072661018,1587072600879,"dummy"
75,1587072721924,1587072660946,"dummy"
75,1587072781932,1587072721846,"dummy"
75,1587072842039,1587072781876,"dummy"
75,1587072902068,1587072841958,"dummy"
75,1587072962127,1587072901990,"dummy"
75,1587073022175,1587072962057,"dummy"
75,1587073082222,1587073022102,"dummy"
75,1587073142302,1587073082142,"dummy"
75,1587073202319,1587073142225,"dummy"
75,1587073263083,1587073202240,"dummy"
75,1587073322957,1587073262855,"dummy"
75,1587073383030,1587073322895,"dummy"
75,1587073443120,1587073382943,"dummy"
75,1587073504012,1587073443003,"dummy"
75,1587073564130,1587073503918,"dummy"
75,1587073624143,1587073563956,"dummy"
75,1587073684937,1587073624071,"dummy"
75,1587073744943,1587073684857,"dummy"
75,1587073805037,1587073744875,"dummy"
75,1587073865099,1587073804958,"dummy"
75,1587073925152,1587073864995,"dummy"
75,1587073985242,1587073925083,"dummy"
75,1587074045243,1587073985140,"dummy"
75,1587074105930,1587074045166,"dummy"
75,1587074165992,1587074105851,"dummy"
75,1587074226019,1587074165868,"dummy"
75,1587074286134,1587074225948,"dummy"
75,1587074346186,1587074286064,"dummy"
75,1587074406405,1587074346114,"dummy"
75,1587074466253,1587074406154,"dummy"
75,1587074526358,1587074466198,"dummy"
75,1587074586402,1587074526292,"dummy"
75,1587074649206,1587074586312,"dummy"
75,1587074707267,1587074646726,"dummy"
75,1587074769236,1587074707119,"dummy"
75,1587074829284,1587074769195,"dummy"
75,1587074889419,1587074829220,"dummy"
75,1587074956229,1587074889254,"dummy"
75,1587075011731,1587074949270,"dummy"
75,1587075076324,1587075009518,"dummy"
74,1587075136308,1587075076213,"dummy"
74,1587075196904,1587075136243,"dummy"
74,1587075256913,1587075196845,"dummy"
74,1587075317120,1587075256857,"dummy"
74,1587075376995,1587075316925,"dummy"
74,1587075437181,1587075376937,"dummy"
74,1587075497193,1587075437086,"dummy"
74,1587075557295,1587075497127,"dummy"
74,1587075617340,1587075557218,"dummy"
74,1587075677936,1587075617256,"dummy"
74,1587075737939,1587075677847,"dummy"
74,1587075798144,1587075737862,"dummy"
74,1587075863688,1587075797899,"dummy"
74,1587075923941,1587075863628,"dummy"
74,1587075983931,1587075923768,"dummy"
74,1587076043934,1587075983857,"dummy"
74,1587076103968,1587076043868,"dummy"
74,1587076164023,1587076103909,"dummy"
74,1587076224224,1587076163944,"dummy"
74,1587076297371,1587076224060,"dummy"
74,1587076345112,1587076284277,"dummy"
74,1587076417517,1587076344930,"dummy"
74,1587076477533,1587076417424,"dummy"
74,1587076537948,1587076477451,"dummy"
74,1587076597931,1587076537870,"dummy"
74,1587076658039,1587076597879,"dummy"
74,1587076718995,1587076657967,"dummy"
74,1587076779939,1587076718936,"dummy"
74,1587076839950,1587076779860,"dummy"
74,1587076900052,1587076839875,"dummy"
74,1587076960068,1587076899962,"dummy"
74,1587077020101,1587076959990,"dummy"
74,1587077080165,1587077020035,"dummy"
74,1587077140209,1587077080076,"dummy"
74,1587077206065,1587077140120,"dummy"
74,1587077262091,1587077200187,"dummy"
74,1587077326144,1587077262012,"dummy"
74,1587077386152,1587077326057,"dummy"
74,1587077446224,1587077386069,"dummy"
74,1587077507018,1587077446137,"dummy"
74,1587077566974,1587077506888,"dummy"
74,1587077627081,1587077566899,"dummy"
74,1587077687113,1587077626997,"dummy"
74,1587077756611,1587077687026,"dummy"
74,1587077807314,1587077747159,"dummy"
74,1587077876932,1587077807201,"dummy"
74,1587077936961,1587077876872,"dummy"
74,1587077997361,1587077936882,"dummy"
74,1587078057464,1587077997301,"dummy"
74,1587078117552,1587078057389,"dummy"
74,1587078177531,1587078117417,"dummy"
74,1587078238052,1587078177471,"dummy"
74,1587078298074,1587078238020,"dummy"
74,1587078358742,1587078298040,"dummy"
74,1587078418975,1587078358657,"dummy"
74,1587078485279,1587078418892,"dummy"
74,1587078539915,1587078478916,"dummy"
74,1587078605990,1587078539860,"dummy"
74,1587078666968,1587078605908,"dummy"
74,1587078726982,1587078666882,"dummy"
74,1587078787071,1587078726897,"dummy"
74,1587078859793,1587078786997,"dummy"
74,1587078907571,1587078847034,"dummy"
74,1587078979926,1587078907513,"dummy"
74,1587079039987,1587078979868,"dummy"
74,1587079100012,1587079039907,"dummy"
74,1587079160035,1587079099953,"dummy"
74,1587079220096,1587079159974,"dummy"
74,1587079280150,1587079220001,"dummy"
74,1587079340225,1587079280059,"dummy"
74,1587079400279,1587079340104,"dummy"
74,1587079460357,1587079400197,"dummy"
74,1587079520401,1587079460254,"dummy"
74,1587079580764,1587079520311,"dummy"
74,1587079640585,1587079580437,"dummy"
74,1587079702172,1587079640531,"dummy"
74,1587079762956,1587079701955,"dummy"
74,1587079822966,1587079762894,"dummy"
74,1587079883313,1587079822905,"dummy"
73,1587079943197,1587079883095,"dummy"
73,1587080003435,1587079943133,"dummy"
73,1587080063982,1587080003381,"dummy"
73,1587080124036,1587080063909,"dummy"
73,1587080184081,1587080123942,"dummy"
73,1587080244143,1587080184016,"dummy"
73,1587080304178,1587080244076,"dummy"
73,1587080364176,1587080304097,"dummy"
73,1587080436325,1587080364137,"dummy"
73,1587080484291,1587080424172,"dummy"
73,1587080563963,1587080484211,"dummy"
73,1587080616962,1587080556351,"dummy"
73,1587080684196,1587080616894,"dummy"
73,1587080744042,1587080683942,"dummy"
73,1587080804316,1587080743981,"dummy"
73,1587080864342,1587080804237,"dummy"
73,1587080924429,1587080864266,"dummy"
73,1587080984957,1587080924351,"dummy"
73,1587081044992,1587080984885,"dummy"
73,1587081105072,1587081044894,"dummy"
73,1587081165051,1587081104972,"dummy"
73,1587081225117,1587081164991,"dummy"
73,1587081285209,1587081225077,"dummy"
73,1587081345219,1587081285118,"dummy"
73,1587081405338,1587081345138,"dummy"
73,1587081466026,1587081405249,"dummy"
73,1587081536146,1587081465896,"dummy"
73,1587081586130,1587081525925,"dummy"
73,1587081656940,1587081586024,"dummy"
73,1587081717339,1587081656882,"dummy"
73,1587081777211,1587081716893,"dummy"
73,1587081837403,1587081776970,"dummy"
73,1587081897979,1587081837361,"dummy"
73,1587081958015,1587081897895,"dummy"
73,1587082018097,1587081957931,"dummy"
73,1587082078102,1587082018005,"dummy"
73,1587082138247,1587082078028,"dummy"
73,1587082198979,1587082138158,"dummy"
73,1587082259405,1587082198900,"dummy"
73,1587082319479,1587082259344,"dummy"
73,1587082379979,1587082319376,"dummy"
73,1587082439969,1587082379899,"dummy"
73,1587082500106,1587082439911,"dummy"
73,1587082560129,1587082500010,"dummy"
73,1587082620153,1587082560078,"dummy"
73,1587082680266,1587082620116,"dummy"
73,1587082740254,1587082680192,"dummy"
73,1587082800952,1587082740217,"dummy"
73,1587082860990,1587082800890,"dummy"
73,1587082920990,1587082860908,"dummy"
73,1587082981067,1587082920954,"dummy"
73,1587083041116,1587082981007,"dummy"
73,1587083101675,1587083041037,"dummy"
73,1587083161694,1587083101631,"dummy"
73,1587083221802,1587083161657,"dummy"
73,1587083281991,1587083221713,"dummy"
73,1587083342089,1587083281907,"dummy"
73,1587083402172,1587083341970,"dummy"
73,1587083462294,1587083402031,"dummy"
73,1587083531864,1587083462131,"dummy"
73,1587083582406,1587083522214,"dummy"
73,1587083651949,1587083582327,"dummy"
73,1587083711960,1587083651892,"dummy"
73,1587083772032,1587083711902,"dummy"
73,1587083832059,1587083771947,"dummy"
73,1587083898066,1587083831982,"dummy"
73,1587083952145,1587083892037,"dummy"
73,1587084018151,1587083952066,"dummy"
73,1587084080992,1587084018077,"dummy"
73,1587084138248,1587084078111,"dummy"
73,1587084201716,1587084138146,"dummy"
73,1587084273944,1587084201657,"dummy"
73,1587084322032,1587084261693,"dummy"
73,1587084394025,1587084321930,"dummy"
73,1587084457056,1587084393922,"dummy"
73,1587084514972,1587084453990,"dummy"
73,1587084577078,1587084514902,"dummy"
73,1587084641019,1587084577020,"dummy"
73,1587084697198,1587084637052,"dummy"
73,1587084762395,1587084697117,"dummy"
73,1587084821109,1587084761020,"dummy"
73,1587084883043,1587084821045,"dummy"
73,1587084942985,1587084882904,"dummy"
73,1587085003382,1587084942916,"dummy"
73,1587085063148,1587085003071,"dummy"
73,1587085127032,1587085063113,"dummy"
73,1587085183516,1587085123416,"dummy"
73,1587085247171,1587085183444,"dummy"
73,1587085320291,1587085247085,"dummy"
73,1587085367325,1587085307105,"dummy"
73,1587085440448,1587085367274,"dummy"
73,1587085500466,1587085440355,"dummy"
73,1587085560591,1587085500387,"dummy"
73,1587085620978,1587085560507,"dummy"
73,1587085681007,1587085620915,"dummy"
73,1587085742008,1587085680942,"dummy"
73,1587085802045,1587085741942,"dummy"
72,1587085862060,1587085801964,"dummy"
72,1587085922176,1587085862007,"dummy"
72,1587085982199,1587085922058,"dummy"
72,1587086042296,1587085982141,"dummy"
72,1587086102346,1587086042239,"dummy"
72,1587086162401,1587086102272,"dummy"
72,1587086222449,1587086162313,"dummy"
72,1587086282471,1587086222364,"dummy"
72,1587086343172,1587086282414,"dummy"
72,1587086403236,1587086343118,"dummy"
72,1587086463261,1587086403155,"dummy"
72,1587086523892,1587086463212,"dummy"
72,1587086583931,1587086523836,"dummy"
72,1587086643957,1587086583862,"dummy"
72,1587086704022,1587086643913,"dummy"
72,1587086764081,1587086703930,"dummy"
72,1587086824158,1587086764024,"dummy"
72,1587086884384,1587086824056,"dummy"
72,1587086944422,1587086884353,"dummy"
72,1587087004454,1587086944332,"dummy"
72,1587087064552,1587087004409,"dummy"
72,1587087124589,1587087064457,"dummy"
72,1587087184985,1587087124490,"dummy"
72,1587087245022,1587087184927,"dummy"
72,1587087305101,1587087244945,"dummy"
72,1587087365119,1587087305003,"dummy"
72,1587087425231,1587087365047,"dummy"
72,1587087485268,1587087425152,"dummy"
72,1587087545341,1587087485199,"dummy"
72,1587087605361,1587087545241,"dummy"
72,1587087665475,1587087605294,"dummy"
72,1587087726010,1587087665385,"dummy"
72,1587087786025,1587087725921,"dummy"
72,1587087846124,1587087785949,"dummy"
72,1587087906996,1587087846039,"dummy"
72,1587087967059,1587087906926,"dummy"
72,1587088027113,1587087966958,"dummy"
72,1587088087190,1587088027017,"dummy"
72,1587088147211,1587088087101,"dummy"
72,1587088207285,1587088147149,"dummy"
72,1587088268030,1587088207213,"dummy"
72,1587088328079,1587088267947,"dummy"
72,1587088389000,1587088327973,"dummy"
72,1587088449050,1587088388921,"dummy"
72,1587088509249,1587088448947,"dummy"
72,1587088569163,1587088508969,"dummy"
72,1587088630035,1587088569072,"dummy"
72,1587088690130,1587088629964,"dummy"
72,1587088750108,1587088689978,"dummy"
72,1587088810182,1587088750063,"dummy"
72,1587088870261,1587088810095,"dummy"
72,1587088930984,1587088870190,"dummy"
72,1587088991042,1587088930926,"dummy"
72,1587089051064,1587088990968,"dummy"
72,1587089111320,1587089051021,"dummy"
72,1587089171171,1587089111062,"dummy"
72,1587089231421,1587089171074,"dummy"
72,1587089291467,1587089231341,"dummy"
72,1587089352026,1587089291375,"dummy"
72,1587089412061,1587089351952,"dummy"
72,1587089472123,1587089411971,"dummy"
72,1587089532139,1587089472034,"dummy"
72,1587089592239,1587089532074,"dummy"
72,1587089655198,1587089592172,"dummy"
72,1587089712355,1587089652204,"dummy"
72,1587089775469,1587089712258,"dummy"
72,1587089835429,1587089775308,"dummy"
72,1587089895549,1587089835359,"dummy"
72,1587089956056,1587089895455,"dummy"
72,1587090016028,1587089955930,"dummy"
72,1587090076017,1587090015942,"dummy"
72,1587090136077,1587090075983,"dummy"
72,1587090196156,1587090136017,"dummy"
72,1587090256162,1587090196062,"dummy"
72,1587090316261,1587090256097,"dummy"
72,1587090376304,1587090316185,"dummy"
72,1587090436436,1587090376212,"dummy"
72,1587090497049,1587090436297,"dummy"
72,1587090557764,1587090496962,"dummy"
72,1587090618064,1587090556976,"dummy"
72,1587090685859,1587090617956,"dummy"
72,1587090746040,1587090685661,"dummy"
72,1587090806091,1587090745956,"dummy"
72,1587090866178,1587090806052,"dummy"
72,1587090926209,1587090866075,"dummy"
72,1587090987046,1587090926143,"dummy"
72,1587091050528,1587090986964,"dummy"
72,1587091107155,1587091046978,"dummy"
72,1587091171047,1587091107046,"dummy"
72,1587091231184,1587091170960,"dummy"
71,1587091291178,1587091230982,"dummy"
71,1587091351308,1587091291053,"dummy"
71,1587091411338,1587091351217,"dummy"
71,1587091471999,1587091411247,"dummy"
71,1587091533029,1587091471943,"dummy"
71,1587091593040,1587091532873,"dummy"
71,1587091653101,1587091592957,"dummy"
71,1587091714001,1587091653025,"dummy"
71,1587091774055,1587091713941,"dummy"
71,1587091834156,1587091774009,"dummy"
71,1587091895011,1587091834067,"dummy"
71,1587091955031,1587091894963,"dummy"
71,1587092015094,1587091954972,"dummy"
71,1587092076047,1587092015026,"dummy"
71,1587092136076,1587092075962,"dummy"
71,1587092196203,1587092136024,"dummy"
71,1587092256234,1587092196121,"dummy"
71,1587092316329,1587092256154,"dummy"
71,1587092382617,1587092316217,"dummy"
71,1587092437012,1587092376306,"dummy"
71,1587092502706,1587092436949,"dummy"
71,1587092563536,1587092502614,"dummy"
71,1587092623518,1587092563426,"dummy"
71,1587092683559,1587092623464,"dummy"
71,1587092744452,1587092683506,"dummy"
71,1587092804040,1587092743541,"dummy"
71,1587092864598,1587092803967,"dummy"
71,1587092933098,1587092864474,"dummy"
71,1587092984702,1587092924497,"dummy"
71,1587093053195,1587092984620,"dummy"
71,1587093125124,1587093053094,"dummy"
71,1587093173317,1587093113140,"dummy"
71,1587093245151,1587093173242,"dummy"
71,1587093305184,1587093245090,"dummy"
71,1587093365244,1587093305143,"dummy"
71,1587093426029,1587093365190,"dummy"
71,1587093486125,1587093425969,"dummy"
71,1587093547035,1587093486066,"dummy"
71,1587093607092,1587093546972,"dummy"
71,1587093667162,1587093607009,"dummy"
71,1587093728022,1587093667071,"dummy"
71,1587093788033,1587093727965,"dummy"
71,1587093848121,1587093787974,"dummy"
70,1587093908167,1587093848040,"dummy"
70,1587093968199,1587093908075,"dummy"
70,1587094028683,1587093968134,"dummy"
70,1587094089087,1587094028489,"dummy"
70,1587094149107,1587094088993,"dummy"
70,1587094209220,1587094149000,"dummy"
70,1587094269256,1587094209126,"dummy"
70,1587094329283,1587094269212,"dummy"
70,1587094389340,1587094329214,"dummy"
70,1587094449654,1587094389271,"dummy"
70,1587094509498,1587094449345,"dummy"
70,1587094570057,1587094509367,"dummy"
70,1587094630079,1587094569974,"dummy"
70,1587094690132,1587094629990,"dummy"
69,1587094751085,1587094690067,"dummy"
69,1587094811095,1587094750988,"dummy"
69,1587094871234,1587094811013,"dummy"
69,1587094931239,1587094871098,"dummy"
69,1587094992075,1587094931132,"dummy"
69,1587095052101,1587094991990,"dummy"
69,1587095112245,1587095052025,"dummy"
69,1587095173063,1587095112105,"dummy"
69,1587095233072,1587095172981,"dummy"
69,1587095293141,1587095233034,"dummy"
69,1587095354077,1587095293071,"dummy"
69,1587095419067,1587095353992,"dummy"
69,1587095475106,1587095415058,"dummy"
69,1587095539209,1587095475007,"dummy"
69,1587095599190,1587095539078,"dummy"
69,1587095659303,1587095599094,"dummy"
69,1587095719326,1587095659206,"dummy"
69,1587095779465,1587095719239,"dummy"
69,1587095840269,1587095779359,"dummy"
69,1587095900104,1587095839996,"dummy"
69,1587095960409,1587095900024,"dummy"
69,1587096021214,1587095960297,"dummy"
69,1587096081103,1587096020991,"dummy"
69,1587096142066,1587096081016,"dummy"
69,1587096202092,1587096141989,"dummy"
69,1587096262160,1587096202006,"dummy"
69,1587096322206,1587096262065,"dummy"
69,1587096382335,1587096322118,"dummy"
69,1587096442327,1587096382208,"dummy"
69,1587096502371,1587096442238,"dummy"
69,1587096563078,1587096502302,"dummy"
69,1587096623115,1587096562994,"dummy"
69,1587096683184,1587096623031,"dummy"
69,1587096743227,1587096683104,"dummy"
69,1587096803316,1587096743147,"dummy"
69,1587096876696,1587096803225,"dummy"
69,1587096923418,1587096863257,"dummy"
69,1587096997039,1587096923325,"dummy"
69,1587097057068,1587096997005,"dummy"
69,1587097117155,1587097057007,"dummy"
69,1587097177206,1587097117067,"dummy"
69,1587097237355,1587097177115,"dummy"
69,1587097304879,1587097237271,"dummy"
69,1587097358084,1587097297302,"dummy"
69,1587097424940,1587097358000,"dummy"
69,1587097485000,1587097424861,"dummy"
69,1587097545073,1587097484898,"dummy"
69,1587097605168,1587097544992,"dummy"
69,1587097665218,1587097605011,"dummy"
69,1587097725302,1587097665127,"dummy"
69,1587097786058,1587097725213,"dummy"
69,1587097846072,1587097785985,"dummy"
69,1587097906175,1587097845995,"dummy"
69,1587097977095,1587097906098,"dummy"
69,1587098026269,1587097966128,"dummy"
69,1587098097164,1587098026187,"dummy"
69,1587098157190,1587098097089,"dummy"
69,1587098217216,1587098157114,"dummy"
69,1587098277339,1587098217180,"dummy"
69,1587098346927,1587098277230,"dummy"
69,1587098397389,1587098337255,"dummy"
69,1587098467079,1587098397348,"dummy"
69,1587098527123,1587098467005,"dummy"
69,1587098593307,1587098527021,"dummy"
69,1587098658116,1587098587130,"dummy"
69,1587098714043,1587098647163,"dummy"
69,1587098778228,1587098713982,"dummy"
69,1587098839674,1587098778152,"dummy"
69,1587098900065,1587098839644,"dummy"
69,1587098960114,1587098899989,"dummy"
69,1587099020149,1587098960052,"dummy"
69,1587099080320,1587099020109,"dummy"
69,1587099140249,1587099080136,"dummy"
69,1587099201123,1587099140173,"dummy"
69,1587099261239,1587099201059,"dummy"
69,1587099321232,1587099261093,"dummy"
69,1587099381261,1587099321200,"dummy"
69,1587099441291,1587099381217,"dummy"
69,1587099501395,1587099441252,"dummy"
69,1587099561414,1587099501295,"dummy"
69,1587099621545,1587099561326,"dummy"
69,1587099681548,1587099621433,"dummy"
69,1587099741669,1587099681459,"dummy"
69,1587099802090,1587099741587,"dummy"
69,1587099862078,1587099802006,"dummy"
69,1587099923102,1587099862022,"dummy"
69,1587099983113,1587099923008,"dummy"
69,1587100043192,1587099983025,"dummy"
69,1587100103249,1587100043129,"dummy"
69,1587100163312,1587100103158,"dummy"
69,1587100224104,1587100163225,"dummy"
69,1587100284076,1587100224009,"dummy"
69,1587100344304,1587100284041,"dummy"
69,1587100404242,1587100344126,"dummy"
69,1587100464271,1587100404166,"dummy"
69,1587100524386,1587100464212,"dummy"
69,1587100584411,1587100524291,"dummy"
69,1587100644477,1587100584328,"dummy"
69,1587100705093,1587100644393,"dummy"
69,1587100765118,1587100705003,"dummy"
69,1587100825157,1587100765035,"dummy"
69,1587100885247,1587100825074,"dummy"
69,1587100945258,1587100885135,"dummy"
69,1587101006099,1587100945170,"dummy"
69,1587101066126,1587101006018,"dummy"
69,1587101126301,1587101066036,"dummy"
69,1587101186276,1587101126143,"dummy"
69,1587101247109,1587101186192,"dummy"
69,1587101308121,1587101247017,"dummy"
69,1587101369110,1587101308025,"dummy"
69,1587101429115,1587101369023,"dummy"
69,1587101489233,1587101429036,"dummy"
69,1587101550096,1587101489132,"dummy"
69,1587101610105,1587101550015,"dummy"
69,1587101670206,1587101610028,"dummy"
69,1587101740905,1587101670119,"dummy"
69,1587101790463,1587101730340,"dummy"
69,1587101869023,1587101790394,"dummy"
69,1587101924058,1587101863971,"dummy"
69,1587101989074,1587101924012,"dummy"
69,1587102049079,1587101989020,"dummy"
69,1587102110059,1587102049022,"dummy"
69,1587102170077,1587102110009,"dummy"
69,1587102230178,1587102170016,"dummy"
69,1587102290181,1587102230073,"dummy"
69,1587102351087,1587102290102,"dummy"
69,1587102411104,1587102351013,"dummy"
69,1587102471192,1587102411021,"dummy"
69,1587102545469,1587102471116,"dummy"
69,1587102591313,1587102531148,"dummy"
69,1587102665526,1587102591211,"dummy"
69,1587102725572,1587102665446,"dummy"
69,1587102786109,1587102725490,"dummy"
69,1587102846133,1587102786030,"dummy"
69,1587102906347,1587102846045,"dummy"
69,1587102966476,1587102906257,"dummy"
69,1587103026474,1587102966286,"dummy"
69,1587103086579,1587103026388,"dummy"
69,1587103147130,1587103086498,"dummy"
69,1587103207265,1587103147037,"dummy"
69,1587103267204,1587103207073,"dummy"
69,1587103327361,1587103267127,"dummy"
69,1587103387507,1587103327293,"dummy"
68,1587103447483,1587103387321,"dummy"
68,1587103508076,1587103447386,"dummy"
68,1587103568168,1587103508014,"dummy"
68,1587103628234,1587103568100,"dummy"
68,1587103688269,1587103628160,"dummy"
68,1587103748345,1587103688230,"dummy"
68,1587103808385,1587103748255,"dummy"
68,1587103868483,1587103808295,"dummy"
68,1587103929118,1587103868392,"dummy"
68,1587103989137,1587103929037,"dummy"
68,1587104049201,1587103989048,"dummy"
68,1587104109285,1587104049110,"dummy"
68,1587104169341,1587104109150,"dummy"
68,1587104229400,1587104169225,"dummy"
68,1587104290133,1587104229309,"dummy"
68,1587104350152,1587104290034,"dummy"
68,1587104410388,1587104350074,"dummy"
68,1587104470314,1587104410190,"dummy"
68,1587104530495,1587104470225,"dummy"
68,1587104590626,1587104530424,"dummy"
68,1587104650576,1587104590464,"dummy"
68,1587104711109,1587104650516,"dummy"
68,1587104771132,1587104711035,"dummy"
68,1587104831229,1587104771071,"dummy"
68,1587104891261,1587104831138,"dummy"
68,1587104951357,1587104891171,"dummy"
68,1587105011434,1587104951273,"dummy"
68,1587105072059,1587105011322,"dummy"
68,1587105132141,1587105072021,"dummy"
68,1587105192196,1587105132045,"dummy"
68,1587105252168,1587105192079,"dummy"
68,1587105312233,1587105252119,"dummy"
68,1587105372404,1587105312167,"dummy"
68,1587105445464,1587105372309,"dummy"
68,1587105495887,1587105433013,"dummy"
68,1587105565551,1587105493035,"dummy"
68,1587105626145,1587105565452,"dummy"
68,1587105686293,1587105626100,"dummy"
68,1587105753333,1587105686143,"dummy"
68,1587105806384,1587105746191,"dummy"
68,1587105873371,1587105806297,"dummy"
68,1587105941606,1587105873311,"dummy"
68,1587105994452,1587105933343,"dummy"
68,1587106061729,1587105994378,"dummy"
68,1587106130913,1587106061640,"dummy"
68,1587106182133,1587106121682,"dummy"
68,1587106250949,1587106182052,"dummy"
68,1587106311095,1587106250868,"dummy"
68,1587106371155,1587106311036,"dummy"
68,1587106432135,1587106371066,"dummy"
68,1587106492134,1587106432050,"dummy"
68,1587106552342,1587106492060,"dummy"
68,1587106612413,1587106552282,"dummy"
68,1587106682304,1587106612319,"dummy"
68,1587106733887,1587106672388,"dummy"
68,1587106802329,1587106732411,"dummy"
68,1587106862458,1587106802289,"dummy"
68,1587106934230,1587106862381,"dummy"
68,1587106984197,1587106924078,"dummy"
68,1587107054267,1587106984094,"dummy"
68,1587107114270,1587107054208,"dummy"
68,1587107174384,1587107114232,"dummy"
68,1587107234418,1587107174295,"dummy"
67,1587107294504,1587107234334,"dummy"
67,1587107354546,1587107294414,"dummy"
67,1587107425703,1587107354458,"dummy"
67,1587107476844,1587107416717,"dummy"
67,1587107545818,1587107476763,"dummy"
67,1587107606106,1587107545682,"dummy"
67,1587107666116,1587107606043,"dummy"
67,1587107726166,1587107666052,"dummy"
67,1587107787033,1587107726091,"dummy"
67,1587107847155,1587107786930,"dummy"
67,1587107907138,1587107847063,"dummy"
67,1587107967288,1587107907082,"dummy"
67,1587108027289,1587107967197,"dummy"
67,1587108089618,1587108027229,"dummy"
67,1587108147424,1587108087339,"dummy"
67,1587108210148,1587108147366,"dummy"
67,1587108270206,1587108210059,"dummy"
67,1587108330244,1587108270143,"dummy"
67,1587108390326,1587108330184,"dummy"
67,1587108450332,1587108390243,"dummy"
67,1587108510471,1587108450266,"dummy"
67,1587108571131,1587108510376,"dummy"
67,1587108631140,1587108571043,"dummy"
67,1587108691139,1587108631053,"dummy"
67,1587108751251,1587108691092,"dummy"
67,1587108821961,1587108751163,"dummy"
67,1587108871430,1587108811170,"dummy"
67,1587108942140,1587108871266,"dummy"
67,1587109009055,1587108942060,"dummy"
67,1587109062258,1587109002091,"dummy"
67,1587109129140,1587109062171,"dummy"
67,1587109190018,1587109129058,"dummy"
67,1587109249257,1587109189095,"dummy"
67,1587109310165,1587109249183,"dummy"
67,1587109379185,1587109310053,"dummy"
67,1587109430206,1587109370079,"dummy"
67,1587109499209,1587109430119,"dummy"
67,1587109564462,1587109499148,"dummy"
67,1587109626865,1587109559180,"dummy"
67,1587109684582,1587109619248,"dummy"
67,1587109746946,1587109684502,"dummy"
67,1587109807108,1587109746868,"dummy"
67,1587109867170,1587109807049,"dummy"
67,1587109927220,1587109867083,"dummy"
67,1587109987244,1587109927121,"dummy"
67,1587110047408,1587109987164,"dummy"
67,1587110108165,1587110047324,"dummy"
67,1587110169146,1587110108081,"dummy"
67,1587110229197,1587110169073,"dummy"
67,1587110289302,1587110229150,"dummy"
67,1587110356426,1587110289242,"dummy"
67,1587110410226,1587110349258,"dummy"
67,1587110476474,1587110410054,"dummy"
67,1587110536495,1587110476421,"dummy"
67,1587110597107,1587110536453,"dummy"
67,1587110657157,1587110597049,"dummy"
67,1587110717202,1587110657067,"dummy"
67,1587110777238,1587110717119,"dummy"
67,1587110842708,1587110777149,"dummy"
67,1587110903561,1587110837415,"dummy"
67,1587110963130,1587110898067,"dummy"
67,1587111023674,1587110963072,"dummy"
67,1587111083899,1587111023585,"dummy"
67,1587111143887,1587111083606,"dummy"
67,1587111204117,1587111143827,"dummy"
67,1587111264160,1587111204059,"dummy"
67,1587111324265,1587111264078,"dummy"
67,1587111384304,1587111324140,"dummy"
67,1587111444387,1587111384168,"dummy"
67,1587111505144,1587111444289,"dummy"
67,1587111565238,1587111505055,"dummy"
67,1587111625785,1587111565180,"dummy"
67,1587111686003,1587111625395,"dummy"
67,1587111746154,1587111685947,"dummy"
67,1587111806186,1587111746074,"dummy"
67,1587111866231,1587111806108,"dummy"
67,1587111926329,1587111866176,"dummy"
67,1587111987189,1587111926272,"dummy"
67,1587112047157,1587111987087,"dummy"
67,1587112107281,1587112047097,"dummy"
66,1587112168160,1587112107167,"dummy"
66,1587112228208,1587112168082,"dummy"
66,1587112292775,1587112228101,"dummy"
66,1587112348466,1587112288155,"dummy"
66,1587112412860,1587112348231,"dummy"
66,1587112473216,1587112412766,"dummy"
66,1587112534178,1587112473154,"dummy"
66,1587112594205,1587112534093,"dummy"
66,1587112661431,1587112594111,"dummy"
66,1587112714363,1587112654250,"dummy"
66,1587112781477,1587112714284,"dummy"
66,1587112853114,1587112781409,"dummy"
66,1587112903470,1587112841437,"dummy"
66,1587112973154,1587112901505,"dummy"
66,1587113033150,1587112973076,"dummy"
66,1587113094182,1587113033088,"dummy"
65,1587113154198,1587113094098,"dummy"
65,1587113222068,1587113154115,"dummy"
65,1587113274308,1587113214202,"dummy"
65,1587113342115,1587113274231,"dummy"
65,1587113402282,1587113342045,"dummy"
65,1587113462217,1587113402082,"dummy"
65,1587113522508,1587113462161,"dummy"
65,1587113582390,1587113522345,"dummy"
65,1587113643133,1587113582352,"dummy"
64,1587113703177,1587113643077,"dummy"
64,1587113763270,1587113703141,"dummy"
64,1587113823378,1587113763223,"dummy"
64,1587113883495,1587113823316,"dummy"
64,1587113943577,1587113883432,"dummy"
64,1587114003672,1587113943426,"dummy"
64,1587114063818,1587114003535,"dummy"
64,1587114124173,1587114063715,"dummy"
64,1587114184166,1587114124094,"dummy"
64,1587114244525,1587114184105,"dummy"
64,1587114304486,1587114244388,"dummy"
64,1587114365170,1587114304453,"dummy"
64,1587114425136,1587114365088,"dummy"
64,1587114485288,1587114425099,"dummy"
64,1587114545350,1587114485224,"dummy"
64,1587114605585,1587114545258,"dummy"
64,1587114666149,1587114605311,"dummy"
64,1587114726203,1587114666081,"dummy"
64,1587114786289,1587114726121,"dummy"
64,1587114846314,1587114786187,"dummy"
64,1587114906406,1587114846236,"dummy"
64,1587114967141,1587114906308,"dummy"
64,1587115027151,1587114967088,"dummy"
64,1587115087233,1587115027112,"dummy"
64,1587115147319,1587115087156,"dummy"
64,1587115207334,1587115147250,"dummy"
64,1587115267436,1587115207297,"dummy"
64,1587115327409,1587115267336,"dummy"
64,1587115391827,1587115327358,"dummy"
64,1587115451296,1587115391180,"dummy"
64,1587115511917,1587115451208,"dummy"
64,1587115572145,1587115511872,"dummy"
64,1587115632168,1587115572079,"dummy"
64,1587115692227,1587115632112,"dummy"
64,1587115752267,1587115692141,"dummy"
64,1587115812564,1587115752181,"dummy"
64,1587115872379,1587115812249,"dummy"